{
    "AF": 0.013246332432347963,
    "AL": 0.7880605638210556,
    "DZ": 0.7880605638210556,
    "AS": 0.7651022535266677,
    "AD": 0.8696481346495859,
    "AO": 0.6079708777245607,
    "AI": 0.40132445534680006,
    "AG": 0.8131406758606478,
    "AR": 0.0770265559455281,
    "AM": 0.5618337466731369,
    "AW": 0.844021302809449,
    "AU": 0.41855566010923706,
    "AT": 0.0929817597477669,
    "AZ": 0.0770265559455281,
    "BS": 0.11636990676527947,
    "BH": 0.5461947450344391,
    "BD": 0.0929817597477669,
    "BB": 0.10338221574545114,
    "BY": 0.3503028772507115,
    "BE": 0.5147268311628278,
    "BZ": 0.34592502857745155,
    "BJ": 0.9152532556833721,
    "BM": 0.5618337466731369,
    "BT": 0.04500206337836987,
    "BO": 0.9542444200859374,
    "BA": 0.593130997542196,
    "BW": 0.0028636242958649527,
    "BV": 0.40132445534680006,
    "BR": 0.5248844301399621,
    "IO": 0.8833250453018164,
    "VG": 0.40132445534680006,
    "BN": 0.013246332432347963,
    "BG": 0.6079708777245607,
    "BF": 0.3230343746928761,
    "BI": 0.04500206337836987,
    "KH": 0.07416509272236294,
    "CM": 0.512759000764165,
    "CA": 0.9152532556833721,
    "CV": 0.8153226548844074,
    "KY": 0.8742989678398391,
    "CF": 0.5271448706759579,
    "TD": 0.8131406758606478,
    "CL": 0.31443294944961087,
    "CN": 0.8131406758606478,
    "CX": 0.5640902918552035,
    "CC": 0.40132445534680006,
    "CO": 0.7528046294856818,
    "KM": 0.9321089291951385,
    "CG": 0.5618337466731369,
    "CK": 0.5271448706759579,
    "CR": 0.9097630989331335,
    "HR": 0.9103198352963425,
    "CU": 0.000945086660385952,
    "CY": 0.46727663224840743,
    "CS": 0.016615228641539415,
    "CD": 0.593130997542196,
    "DK": 0.9103198352963425,
    "DJ": 0.016615228641539415,
    "DM": 0.4298239470497106,
    "DO": 0.6079708777245607,
    "EC": 0.7364562396882766,
    "EG": 0.8742989678398391,
    "SV": 0.489779624668331,
    "ER": 0.712197490730706,
    "EE": 0.12388042049581682,
    "ET": 0.8742989678398391,
    "EU": 0.3965693527172591,
    "FK": 0.07574717398862241,
    "FO": 0.5539528286532823,
    "FJ": 0.12388042049581682,
    "FI": 0.22274549066281146,
    "FR": 0.7364562396882766,
    "GF": 0.5248844301399621,
    "PF": 0.44630017091249896,
    "TF": 0.832429485649673,
    "GA": 0.1197012988037669,
    "GM": 0.07574717398862241,
    "GE": 0.8153226548844074,
    "DE": 0.8358805525252822,
    "GH": 0.5249638312202355,
    "GI": 0.273105133255096,
    "UK": 0.3423687317363606,
    "GR": 0.49846744921130426,
    "GL": 0.43175901969044106,
    "GD": 0.31443294944961087,
    "GP": 0.3221034133028364,
    "GU": 0.10586025720727577,
    "GT": 0.3965693527172591,
    "GG": 0.4893457447828634,
    "GN": 0.4298239470497106,
    "GW": 0.3463276138925967,
    "GY": 0.016615228641539415,
    "HT": 0.7141509614455502,
    "HM": 0.12388042049581682,
    "HN": 0.8022704710154414,
    "HK": 0.844021302809449,
    "HU": 0.9542444200859374,
    "IS": 0.31842893322332533,
    "IN": 0.3230343746928761,
    "ID": 0.8022704710154414,
    "IR": 0.000945086660385952,
    "IQ": 0.1406796776531717,
    "IE": 0.03592348910700327,
    "IM": 0.7880605638210556,
    "IL": 0.5147268311628278,
    "IT": 0.49846744921130426,
    "CI": 0.43175901969044106,
    "JM": 0.7744365294119507,
    "JP": 0.5461947450344391,
    "JE": 0.07574717398862241,
    "JO": 0.4011068921562676,
    "KZ": 0.9435130779915443,
    "KE": 0.9435130779915443,
    "KI": 0.273105133255096,
    "KW": 0.8358805525252822,
    "KG": 0.844021302809449,
    "LA": 0.5147268311628278,
    "LV": 0.9435130779915443,
    "LB": 0.4298239470497106,
    "LS": 0.44630017091249896,
    "LR": 0.45406353707718894,
    "LY": 0.273105133255096,
    "LI": 0.11636990676527947,
    "LT": 0.8696481346495859,
    "LU": 0.15985931212799842,
    "MO": 0.03592348910700327,
    "MK": 0.016615228641539415,
    "MG": 0.40132445534680006,
    "MW": 0.5640902918552035,
    "MY": 0.5249638312202355,
    "MV": 0.8950772877580149,
    "ML": 0.03592348910700327,
    "MT": 0.14232969303925824,
    "MH": 0.6977174760748573,
    "MQ": 0.0770265559455281,
    "MR": 0.0770265559455281,
    "MU": 0.5640902918552035,
    "YT": 0.9435130779915443,
    "MX": 0.5271448706759579,
    "FM": 0.41855566010923706,
    "MD": 0.013246332432347963,
    "MC": 0.18878272519954242,
    "MN": 0.0770265559455281,
    "ME": 0.832429485649673,
    "MS": 0.512759000764165,
    "MA": 0.712197490730706,
    "MZ": 0.8308176125804033,
    "MM": 0.31842893322332533,
    "NA": 0.2787643393144097,
    "NR": 0.5189550501720714,
    "NP": 0.273105133255096,
    "AN": 0.7744365294119507,
    "NL": 0.7364562396882766,
    "NC": 0.9437424281597063,
    "NZ": 0.0028636242958649527,
    "NI": 0.5618337466731369,
    "NE": 0.3169865497656612,
    "NG": 0.844021302809449,
    "NU": 0.22274549066281146,
    "NF": 0.593130997542196,
    "KP": 0.3965693527172591,
    "MP": 0.8742989678398391,
    "NO": 0.013246332432347963,
    "OM": 0.15985931212799842,
    "PK": 0.3965693527172591,
    "PW": 0.7744365294119507,
    "PS": 0.5618337466731369,
    "PA": 0.8742989678398391,
    "PG": 0.8131406758606478,
    "PY": 0.9435130779915443,
    "PE": 0.9152532556833721,
    "PH": 0.6499992486857888,
    "PN": 0.844021302809449,
    "PL": 0.7880605638210556,
    "PT": 0.6792999192313333,
    "PR": 0.844021302809449,
    "QA": 0.2440481558689217,
    "RE": 0.4893457447828634,
    "RO": 0.3965693527172591,
    "RU": 0.10338221574545114,
    "RW": 0.14232969303925824,
    "LC": 0.11636990676527947,
    "PM": 0.8169490361765608,
    "SM": 0.698261352886653,
    "SA": 0.15985931212799842,
    "SN": 0.593130997542196,
    "RS": 0.5539528286532823,
    "SC": 0.9437424281597063,
    "SL": 0.698261352886653,
    "SG": 0.8798660519766774,
    "SX": 0.0929817597477669,
    "SK": 0.8798660519766774,
    "SI": 0.31443294944961087,
    "SB": 0.04500206337836987,
    "SO": 0.7651022535266677,
    "ZA": 0.15985931212799842,
    "GS": 0.013246332432347963,
    "KR": 0.8742989678398391,
    "SS": 0.41855566010923706,
    "ES": 0.40132445534680006,
    "LK": 0.18878272519954242,
    "SH": 0.03592348910700327,
    "ST": 0.8308176125804033,
    "KN": 0.5461947450344391,
    "VC": 0.31443294944961087,
    "SD": 0.14232969303925824,
    "SR": 0.0770265559455281,
    "SJ": 0.013246332432347963,
    "SZ": 0.15985931212799842,
    "SE": 0.10586025720727577,
    "CH": 0.1406796776531717,
    "SY": 0.1406796776531717,
    "TW": 0.3230343746928761,
    "TJ": 0.3503028772507115,
    "TZ": 0.6792999192313333,
    "TH": 0.6651496640737007,
    "TL": 0.10338221574545114,
    "TG": 0.4893457447828634,
    "TK": 0.14232969303925824,
    "TO": 0.1406796776531717,
    "TT": 0.43175901969044106,
    "TN": 0.15985931212799842,
    "TR": 0.31842893322332533,
    "TM": 0.7651022535266677,
    "TC": 0.3423687317363606,
    "TV": 0.9808941317660538,
    "UG": 0.43175901969044106,
    "UA": 0.8308176125804033,
    "AE": 0.1197012988037669,
    "US": 0.43175901969044106,
    "UY": 0.07416509272236294,
    "UM": 0.10338221574545114,
    "VI": 0.7880605638210556,
    "UZ": 0.3463276138925967,
    "VU": 0.9435130779915443,
    "VA": 0.04500206337836987,
    "VE": 0.31842893322332533,
    "VN": 0.07574717398862241,
    "WF": 0.016615228641539415,
    "EH": 0.5536702191378317,
    "WS": 0.7141509614455502,
    "YE": 0.5640902918552035,
    "YU": 0.10586025720727577,
    "ZM": 0.5536702191378317,
    "ZW": 0.11636990676527947
}